buy this game,-1.0
would be a,-1.0
i bought this,-1.0
the game to,-1.0
back to the,-1.0
bought this game,-1.0
you can not,-1.0
it would be,-1.0
to play this,-1.0
there is no,-1.0
i would have,-1.0
i am not,-1.0
this is not,-1.0
for this game,-1.0
i have a,-1.0
this game was,-1.0
in order to,-1.0
but this game,-1.0
the lack of,-1.0
on this game,-1.0
to play the,-1.0
game is not,-1.0
play the game,-1.0
could have been,-1.0
to be a,-1.0
the controls are,-1.0
and i was,-1.0
i thought it,-1.0
the game play,-1.0
there are no,-1.0
over and over,-1.0
that the game,-1.0
i had to,-1.0
for the game,-1.0
out of the,-1.0
to get a,-1.0
it is not,-1.0
would have been,-1.0
that this game,-1.0
i bought it,-1.0
a game that,-1.0
if you want,-1.0
to figure out,-1.0
with this game,-1.0
with the game,-1.0
of this game,-1.0
you want a,-1.0
it was a,-1.0
to get the,-1.0
be able to,-1.0
any of the,-1.0
i am a,-1.0
the game has,-1.0
the only thing,-1.0
in this game,-1.0
i have to,-1.0
you want to,-1.0
going to be,-1.0
and the game,-1.0
the fact that,-1.0
i have been,-1.0
this game and,-1.0
playing the game,-1.0
of the time,-1.0
you have to,-1.0
because of the,-1.0
the game is,-1.0
i have ever,-1.0
a couple of,-1.0
to get it,-1.0
you need to,-1.0
of the games,-1.0
to play it,-1.0
the graphics and,-1.0
got this game,-1.0
i got this,0.0
to say that,1.0
the game was,1.0
the game and,1.0
that it is,1.0
of the game,1.0
a good game,1.0
is not a,1.0
being able to,1.0
the end of,1.0
in the game,1.0
and i have,1.0
part of the,1.0
like this game,1.0
if you can,1.0
as far as,1.0
if you do,1.0
and it was,1.0
the game for,1.0
is that the,1.0
so if you,1.0
the graphics are,1.0
but if you,1.0
it is very,1.0
the first time,1.0
but it is,1.0
all of the,1.0
this game has,1.0
most of the,1.0
play this game,1.0
this game for,1.0
you have a,1.0
if you are,1.0
in the first,1.0
there are a,1.0
to the game,1.0
this game is,1.0
that you can,1.0
of the most,1.0
in my opinion,1.0
about this game,1.0
this game to,1.0
is that it,1.0
if you have,1.0
looking for a,1.0
game is fun,1.0
a fun game,1.0
a lot of,1.0
some of the,1.0
there is a,1.0
fan of the,1.0
you can get,1.0
and it is,1.0
game is a,1.0
i like the,1.0
have to say,1.0
there are some,1.0
it is a,1.0
a long time,1.0
get this game,1.0
playing this game,1.0
as good as,1.0
all in all,1.0
at the same,1.0
that i have,1.0
one of the,1.0
you get to,1.0
fun to play,1.0
and if you,1.0
game is the,1.0
i have played,1.0
game is very,1.0
as well as,1.0
is a good,1.0
the ability to,1.0
you are a,1.0
if you like,1.0
a fan of,1.0
a great game,1.0
i would recommend,1.0
i think it,1.0
i love the,1.0
you can do,1.0
the story is,1.0
this is the,1.0
is a very,1.0
and you can,1.0
this is a,1.0
is a lot,1.0
recommend this game,1.0
lot of fun,1.0
is one of,1.0
you can play,1.0
of the best,1.0
is a great,1.0
love this game,1.0
is the best,1.0
