does not work,-1.0
i tried to,-1.0
get it to,-1.0
i would not,-1.0
to get it,-1.0
that it was,-1.0
this product is,-1.0
i can not,-1.0
this is not,-1.0
it does not,-1.0
i would have,-1.0
to use it,-1.0
it was a,-1.0
it is not,-1.0
for a few,-1.0
there is no,-1.0
i had to,-1.0
i have to,-1.0
to be a,-1.0
to get a,-1.0
i bought it,-1.0
i do not,-1.0
i purchased this,-1.0
be able to,-1.0
it would be,-1.0
there is a,-1.0
is not a,-1.0
to get the,-1.0
seems to be,-1.0
to use the,-1.0
i bought this,-1.0
you have to,-1.0
i bought the,-1.0
out of the,-1.0
a couple of,-1.0
all of the,-1.0
i am not,-1.0
that i have,-1.0
and it was,-1.0
of the box,-1.0
if you do,-1.0
you want to,-1.0
and i was,-1.0
i wanted to,-1.0
one of the,-1.0
it for a,-1.0
most of the,-1.0
does not have,-1.0
i did not,-1.0
i have a,-1.0
because of the,1.0
if you have,1.0
the sound quality,1.0
i got this,1.0
if you want,1.0
you have a,1.0
quality of the,1.0
i decided to,1.0
i have had,1.0
but it is,1.0
that it is,1.0
and it is,1.0
i have been,1.0
the quality of,1.0
and i have,1.0
sound quality is,1.0
if you are,1.0
but if you,1.0
as good as,1.0
some of the,1.0
you need to,1.0
is that it,1.0
the fact that,1.0
it is a,1.0
a lot of,1.0
was able to,1.0
is that the,1.0
the sound is,1.0
this is a,1.0
looking for a,1.0
as well as,1.0
i have used,1.0
i have not,1.0
i was looking,1.0
i was able,1.0
it has a,1.0
this is the,1.0
to set up,1.0
i like the,1.0
is a good,1.0
for the price,1.0
i am very,1.0
i would recommend,1.0
is a great,1.0
easy to use,1.0
very easy to,1.0
