i would not,-1.0
i did not,-1.0
i had to,-1.0
there is no,-1.0
it does not,-1.0
i would have,-1.0
to be a,-1.0
of this product,-1.0
i used it,-1.0
it was a,-1.0
i bought this,-1.0
i purchased this,-1.0
i have to,-1.0
i do not,-1.0
if you want,-1.0
it is not,-1.0
and it was,-1.0
out of the,-1.0
i am not,-1.0
with this product,-1.0
you have to,-1.0
it has a,-1.0
to use it,-1.0
for a few,-1.0
the first time,-1.0
this product is,-1.0
it would be,-1.0
be able to,-1.0
to get the,-1.0
i had a,0.0
one of the,1.0
because of the,1.0
i decided to,1.0
looking for a,1.0
that i have,1.0
the fact that,1.0
if you are,1.0
but it is,1.0
a couple of,1.0
that it is,1.0
i have a,1.0
i think it,1.0
if you have,1.0
as well as,1.0
it is a,1.0
if you do,1.0
is that it,1.0
and it is,1.0
a lot of,1.0
and i am,1.0
seems to be,1.0
i have had,1.0
this product for,1.0
is a good,1.0
i have used,1.0
and i have,1.0
i like the,1.0
for the price,1.0
this is a,1.0
i have been,1.0
some of the,1.0
a long time,1.0
recommend this product,1.0
have been using,1.0
this is the,1.0
i would recommend,1.0
i have tried,1.0
i use it,1.0
easy to use,1.0
is a great,1.0
is the best,1.0
