poddany,-4.6
przewrażliwiony,-3.6
cudzoziemiec,-2.6
przekonywać,-1.8
skrupuł,-3.0
klatka,-3.5
piękność,-0.6
osiągnąć,3.3
umięśniony,-1.0
telewizor,-0.5
ciągnąć,-2.0
przerazić,-2.0
ciemnobrązowy,-1.0
możny,-2.0
ogolić,0.5
dochodowy,-1.5
piosenka,4.9
rząd,-2.2
towarzystwo,3.2
opcja,0.4
szklarnia,-0.0
delikatny,-1.9
oznaczać,-2.5
nieobliczalny,1.5
omylny,-1.0
przebić,-2.2
wiedza,2.6
niewystarczający,-3.6
pracownik,1.3
zwrot,-4.4
satysfakcja,2.9
zdziwić,3.3
płyn,-7.0
precyzyjnie,-1.5
ruchliwy,-6.0
sklepik,-2.0
stowarzyszyć,-1.0
miasto,7.1
korupcja,-1.6
odtłuszczać,-1.0
pierś,-2.5
nieciekawy,1.0
zadanie,-1.6
prawdopodobny,-2.6
całkowicie,3.6
nisko,-2.3
upolitycznić,-1.0
perfidnie,-1.0
niezapomniany,4.1
stromy,-2.6
polsat,-1.0
oczywisty,-6.1
wliczać,-1.0
dobrany,-0.8
cudowny,4.7
wiosna,3.5
refren,-1.0
wyrzucać,-4.4
miejscowy,-1.9
cios,-11.4
pentagram,-0.0
prezent,2.3
słony,-6.0
miliard,-5.6
niesłychanie,-4.2
urwany,-1.0
wygodny,6.3
wykrywalny,-1.0
chwilowy,-1.5
dmowski,-1.0
przyjazny,2.5
oparty,-1.0
wpadka,-5.5
tajemnica,0.5
poszukiwać,3.6
zatrudniać,-3.0
naukowy,4.5
forsa,-2.8
radykalny,-5.7
księga,2.5
regulować,-8.1
wyciągnąć,-3.2
ilościowo,-1.0
sterować,-1.8
otworzyć,3.8
młody,6.2
zieleń,5.2
spodnie,-0.6
pretensja,-1.9
trzykrotny,-3.6
grzelak,-1.0
wyłącznie,5.0
zjebać,-1.0
ukrywać,1.6
jedwabisty,-1.0
zniszczalny,-1.0
regularny,-4.0
rozwiązać,-1.8
woda,4.5
merytorycznie,-1.0
śmiesznie,-0.5
intensywnie,-9.1
zastrzec,-1.0
deszcz,0.9
sklep,4.3
prostolinijny,-1.0
kumaty,-1.0
zobaczyć,5.1
miesiąc,4.6
odświeżyć,0.5
przeszłość,-0.1
ciasny,-1.0
forum,-0.2
współudział,-1.0
ostatnio,2.2
dłuuugi,-1.0
kilkakrotnie,-4.0
trafny,-1.6
dziewczęcy,-1.0
czynić,4.9
serce,4.2
znaczny,-2.4
dziewczęco,-1.0
romantycznie,-1.0
łaciński,-0.6
przyszłość,2.6
założenie,-1.1
okrutnie,-3.6
należyty,1.1
swój,6.2
opakowanie,0.3
intuicyjny,1.5
kupujący,-0.0
pompatyczny,-1.0
interakcja,-3.0
ograniczony,-5.2
liryczny,-0.8
przepyszny,-1.0
niewykonalny,-1.0
medium,1.1
terapia,-9.0
godzina,-0.5
sauna,-1.0
klasyka,0.5
znak,2.5
bezinteresowny,8.4
wejść,0.2
maszyna,-1.8
polakożerca,-1.0
natchniony,-0.5
burza,-2.4
powiększyć,-1.0
tchórzliwy,-3.0
poradnik,-2.6
ponur,-3.0
dodatkowy,-3.6
kretyn,-2.0
członek,-1.3
kontent,-1.0
wart,1.6
ująć,-0.2
równy,2.0
logiczny,-1.6
łatwa,-1.0
berlin,-1.0
wysypka,-4.6
nigdy,4.0
dodatkowo,-4.6
europocentryczny,-1.0
ścisnąć,-4.5
lustrzanka,-1.0
dziewczyna,3.2
temat,3.7
świetny,6.1
błonnik,-1.0
obdarzać,-0.3
koda,-2.0
modyfikować,-3.6
dokument,-4.2
dobrać,0.3
kamera,0.1
olej,-2.4
zatrzymać,-2.3
futurystyczny,-1.0
informować,-4.1
łojotok,-1.0
wilno,-1.0
sielski,-3.0
modny,0.5
kosmiczny,-5.0
wiecznie,0.6
doskonały,4.6
ewakuacja,-1.0
spotkanie,5.3
wyznaczyć,-2.6
dziedzina,0.6
klapa,-4.0
wszechmocny,1.0
podstawowy,0.6
winny,-1.6
wizyta,1.0
pędzelka,-1.0
wytrysk,-5.2
gwarancja,-2.6
wartościowy,0.2
nałożyć,-4.8
seksownie,-1.0
szelka,-1.0
wgląd,-2.0
palenisko,-0.0
szary,-3.5
lesbijka,-0.0
nadprzyrodzony,-0.0
poddać,-5.3
komunista,-0.4
makaron,-1.0
podmiot,-1.2
smaczny,1.0
michał,-1.0
pocieszyć,-1.8
zadecydować,-1.5
boczek,-0.0
karpaty,-1.0
wycofywać,-5.6
radosny,-0.9
fryzjerka,-1.0
wypowiedź,1.3
miły,6.8
bydgoszcz,-1.0
dosadzić,-1.0
fizjologiczny,-6.1
wizjoner,-2.0
miło,7.5
wino,0.4
konstytucja,-1.0
wymyślić,5.4
niebo,3.9
nienaruszony,-1.0
zablokować,-5.9
zyskowny,-2.0
szok,-2.4
pomyłka,-5.7
pociągający,1.1
purytański,-1.0
odprowadzać,-2.0
zabawka,6.2
makieta,-1.0
ustalać,-4.4
widocznie,-6.2
pragnienie,2.8
blokować,-3.4
ufundować,4.1
samolot,-2.2
sztab,-1.5
dostępny,-2.7
garbaty,-2.0
praktyczny,0.7
artystyczny,8.1
potrzebny,4.8
niemało,0.5
piotrek,-1.0
zapisać,-1.9
uszczęśliwić,-1.0
demoniczny,-1.0
miejsce,3.6
wyborca,-7.0
przypadek,3.3
łatwowierny,-1.0
uczeń,-1.3
zaskakiwać,3.1
życzliwy,5.3
proch,-4.6
społecznie,-0.9
fragment,2.2
czuły,-2.2
ania,-1.0
wesolutki,-1.0
chorobotwórczy,-2.6
przyprawa,0.5
uniwersalistyczny,-1.0
czwarty,0.5
ograniczenie,-1.0
bank,-0.9
siedziba,-3.7
laleczka,-1.0
niezbędny,-2.0
tyle,4.8
rozwlec,-1.0
zwycięzca,-4.4
wygłosić,1.3
ubezpieczyć,-1.0
jakość,-0.4
uprzejmy,-2.4
bona,-1.0
komentarz,-3.3
objawowa,-1.0
głodny,-3.2
deklaracja,-4.2
liga,-8.7
głodować,-2.0
przelotny,-2.6
scenariusz,0.2
cudnie,-0.0
załatwić,1.0
tłumacz,-0.5
zjadliwie,-1.0
zamiennik,-1.0
przesadny,0.2
nędza,-1.5
odbić,-2.3
wnikliwy,-2.0
ochota,0.2
tyć,-1.0
debil,-0.0
klarowny,-1.0
daniel,-1.0
zabaweczka,-1.0
nieudolny,-2.0
twórczy,1.2
niepoprawny,-2.0
równoznaczny,-2.0
zjawisko,-2.8
ocenić,1.1
szałowy,-1.0
wróbel,-1.0
automatycznie,-2.9
dosadny,-2.0
strata,-1.3
jesienny,-5.6
wojsko,-5.4
gruby,-0.7
rolka,-0.0
psychodeliczny,0.5
wrażenie,5.6
uznać,1.6
wehrmacht,-1.0
zalesiony,-1.0
maksymalnie,-3.0
staranny,2.9
stosować,-2.2
efekciarski,-1.0
dziecięco,-1.0
natryskiwać,-1.0
podnieść,-1.7
miejscowość,-1.2
wariat,-1.5
karczma,-1.0
entuzjastycznie,-0.0
zaskoczyć,0.4
płytka,0.3
bogato,-1.0
oddzielny,-2.0
kwestionować,-1.9
jednostajny,-1.0
zysk,-0.0
krajoznawczy,-1.0
królowa,0.8
czynny,-2.5
dwukrotnie,-4.0
słów,-1.0
zdrobniale,-1.0
bogaty,3.2
namolny,-1.0
wioska,-0.3
estetycznie,2.7
ten,4.4
szeroki,3.3
pilnie,-2.5
zadać,-3.2
malutki,-0.8
nadwaga,-0.8
pomarańczowy,-0.9
doić,-1.0
wyłonić,-3.0
wyraz,2.3
ekspresyjny,-0.5
zaliczać,-4.8
obdarty,-1.0
ceremonia,-0.0
maskotka,-1.0
obraźliwy,-5.9
sprzedający,-1.0
wrzeć,-1.0
dziesiąty,-4.0
zdziwiony,-3.6
wybitny,3.3
ciągły,-4.5
nieadekwatny,-0.0
pisać,5.8
ksiądz,2.6
stosunek,0.2
rozrzutny,-1.0
zabawa,6.8
klinowaty,-1.0
zakańczać,-1.0
dłuuuugi,-1.0
wewnętrzny,1.0
szczegółowy,-2.1
przejaw,-2.8
dorośle,-1.0
narkotyczny,-1.0
strażnik,-1.5
krzak,-4.0
wieźć,-0.3
wygodnie,1.0
cieleśnie,-1.0
scalić,-1.0
soczysty,2.5
odnaleźć,5.2
piwnica,0.5
pradawny,-1.0
znaczący,-3.9
apokalipsa,-1.0
wszystek,9.8
mina,-2.4
przybliżyć,-2.0
okazja,7.2
kiczowaty,1.0
rejestr,0.3
drastycznie,-2.0
kiełbasa,1.5
inwestor,-4.5
furtka,-0.0
zmiana,0.4
policja,-3.6
pudelek,-1.0
przedmiot,4.7
naturalny,4.3
zaprzeczyć,-5.4
wytypować,-2.0
przypiąć,-0.0
partyjny,-5.0
ostrożny,-4.4
kulturystyka,-1.0
kompletnie,0.9
kłopot,-1.5
leniuchować,-1.0
wspominać,4.7
szpital,-1.6
perfekcja,1.5
nieco,5.1
podniebny,-1.0
marzyć,1.5
złożony,-2.4
widzialny,-3.6
adekwatny,1.8
przejęcie,-2.6
pracowity,-2.0
usługa,2.4
klaśnięcie,-1.0
trafić,0.7
złoże,-1.0
wytrawny,-1.0
rower,0.4
żółtawy,-2.0
cwany,-1.0
młodo,-0.6
malowniczy,1.5
zamulać,-2.0
jezus,-1.0
urodziwy,-2.0
cenny,2.6
dziura,-2.9
dwumetrowy,-0.0
wystarczać,0.5
zmieniać,2.6
cały,5.7
samotnia,-0.5
wstrzymać,-3.0
osiągalny,-2.6
wywiesić,-2.0
mleko,-1.9
wystarczająco,0.8
sympatyczny,3.3
zbój,-1.0
proroczy,-2.0
korona,1.5
włóczyć,-2.0
liczba,-3.4
nieograniczony,-0.6
równoległobok,-1.0
zapis,-2.6
milusiński,-1.0
idealistyczny,1.0
podłączyć,-4.0
podstawa,3.0
naukowiec,-8.6
radio,-0.3
narodowy,3.1
koszmar,-5.5
odzwierciedlić,-1.0
zgłosić,-1.5
obsadzić,-3.0
wymagać,0.5
nudno,-3.0
zakładać,-0.2
dzieciak,1.4
ostatni,3.6
śledzić,-5.4
wypadek,-1.3
likwidacja,-4.6
doświadczony,-3.8
towarzyszyć,1.7
studium,4.2
zamierzyć,-1.4
wyrzut,-5.3
skończony,-1.2
opinia,1.0
dziecko,1.6
laptop,-1.0
umiejscowić,-0.6
ponownie,0.3
nędzny,-1.0
wyrosnąć,-0.0
egzaltowany,-1.0
kocioł,-3.6
niemen,-1.0
większość,-0.3
zorientować,-4.9
zaprojektować,1.0
odległy,-0.5
rzeczywisty,2.6
zbliżony,-2.2
maciej,-1.0
sławny,1.4
noga,0.9
zdecydowanie,1.9
naprawdę,8.1
palnąć,-1.0
gatunek,1.4
wielce,-0.6
przytomny,-0.0
początek,4.9
atmosfera,-0.3
traumatyczny,-4.7
projektant,1.9
leasing,-1.0
pragnąć,5.0
wzniosły,1.5
inny,2.8
pilot,-5.4
wyrozumiały,0.5
garaż,-0.3
akwarium,-0.0
złudzenie,-2.6
uważny,-4.2
basowy,-2.0
gapowaty,-1.0
gromadzić,-2.0
zamieszać,-1.6
współczuć,-2.0
istotny,-3.5
ciekawy,5.3
leciutki,-3.0
rozpaczliwie,-3.2
upomnieć,-2.6
henryk,-1.0
glasgow,-1.0
końcowy,-5.7
natura,-1.7
retoryczny,-1.0
dostatek,-0.0
województwo,-7.2
wznieść,-0.5
europejski,1.0
kotara,-1.0
majątek,-0.7
czarować,-1.0
łączka,-1.0
wąski,-0.7
ubiegłoroczny,-2.0
wąsko,-1.0
aparat,-2.5
piżama,-1.0
prowadzić,2.9
brat,0.5
potulny,-0.0
pobudliwy,-1.0
zawiesić,-2.7
szybka,-2.6
bliźni,3.0
szybki,-0.1
popalić,0.5
projektować,-2.5
koszmarnie,-2.6
pielęgniarka,-3.1
szybko,-0.3
namiota,-0.0
spowodować,-3.4
kompensować,-1.0
związać,0.9
komplet,-1.0
otwarcie,-1.2
zdecydować,1.7
barokowy,-0.9
błahostka,-1.0
bezradny,-4.7
zdecydowany,-2.6
bramkarz,-7.0
rozkosz,1.5
cytologia,-1.0
nagłówek,-0.5
ratunek,0.4
spacja,-0.0
rozbudowa,-2.0
śpiewać,6.3
namacalny,-3.0
winien,-0.9
bolszewik,-2.0
przeciętny,-3.6
łóżko,-1.6
toporny,1.0
katolik,-0.6
kleić,-1.0
chrzest,-1.8
odeprzeć,2.5
dostęp,-4.6
gwarny,-0.0
zwyczajny,-4.4
rajski,0.5
czterokrotny,-1.0
spis,-2.6
boleć,-2.6
spokojny,-1.2
trzpiotowaty,-1.0
wychodzić,3.7
kalesony,-2.0
zagroda,1.0
kott,-1.0
związań,-1.0
wpatrzyć,1.5
mnóstwo,2.1
ideologiczny,2.3
miodny,-1.0
katowice,-1.0
badać,-4.6
średni,-0.7
ewentualnie,-1.0
ufny,-1.8
czymś,-1.0
sieć,0.8
zasilać,-2.0
kota,2.8
kupa,2.4
spadkodawca,-1.0
następca,-4.3
tani,-0.6
słabo,-4.3
fajka,1.0
aktualizacja,1.3
zidentyfikować,-4.2
wiara,5.0
nowy,6.5
trzeźwy,-4.4
kredyt,-1.8
kupy,-1.0
domyślny,-1.0
syrop,-1.0
stodoła,-0.0
szóstka,-5.4
paternalistyczny,-1.0
strasznie,-5.5
twardy,0.6
restrykcyjnie,-1.0
ustępować,-8.2
posiadać,2.0
samodzielny,-2.6
cierpliwy,-4.0
opuchnąć,-4.9
brać,3.8
jedynie,3.9
mityczny,1.5
usłać,-1.0
pożyteczny,-4.6
patologiczny,-9.3
ciasto,3.5
straszliwie,-7.4
kosmetyczny,0.4
kompletny,-1.8
odpowiedni,-1.7
ochronny,-3.9
rozkoszny,-3.9
kotek,0.5
schematyczny,1.5
nosić,4.2
milutki,-1.0
starać,1.2
włos,0.1
swoisty,0.9
przerobić,-0.5
hurtowo,-1.0
błogo,-1.0
zbawić,-0.0
bilet,-2.3
kobieta,2.4
dobitnie,-2.6
poprawny,-2.0
lustr,-0.5
fiskalny,-2.6
sprzymierzeniec,-0.0
stosowany,-5.7
odważny,-1.9
bezużyteczny,-0.0
dowcip,1.8
bezpieczny,-1.2
morderca,-4.0
bezgłośny,-2.6
serwer,1.5
uczuciowy,-3.5
bezpieczno,-1.0
porównywalny,-2.0
paryż,-1.0
twój,9.0
tunel,1.7
medycyna,-1.1
umysł,3.2
mądrość,6.1
wyzywać,-2.6
odwrotnie,1.6
użyteczny,2.5
kolczyk,-0.8
remont,2.2
ofiarny,1.3
odpowiednik,-1.0
odpowiednio,-0.9
surowo,0.5
obrót,-7.1
oddalić,-0.5
niezwykle,-1.5
zwolennik,0.5
imię,8.0
zmanierować,-1.0
młodzieżowy,-0.5
epicki,-1.0
pięcioletni,-0.0
różny,5.3
instrument,-0.6
grafik,1.3
znośny,-2.0
osobisty,2.4
brama,-0.2
uchwycić,-1.0
pierwszy,6.0
unia,-3.3
przesadnie,-1.0
rano,1.0
myśl,3.2
prowadzony,-5.0
szczelny,1.5
zewrzeć,-1.0
nocleg,-2.0
precyzyjny,-1.9
dziekanat,-1.0
stanik,-1.0
zwyknąć,-0.5
grenoble,-1.0
miot,-1.0
defekt,2.8
obowiązywać,-1.0
polegać,1.2
nuda,1.8
sankcja,-1.6
łoże,-3.0
lekarz,4.1
dopracować,0.5
słodko,-2.4
rzeka,0.1
sąsiad,-0.3
pełnoletni,-1.0
spekulacja,-3.0
czytelny,-1.0
tkanka,-9.7
nieistnienie,-1.0
sprzedać,-3.0
miałki,-1.0
zagrożenie,-5.5
uprawa,1.0
realnie,-2.6
różnorodny,-3.2
boleśnie,-3.8
południowy,-1.7
przyrost,-3.9
aktualnie,-1.5
zasada,5.2
znakomicie,2.1
napakować,-1.0
oficjalny,-3.4
wyśnić,-1.0
wyrobić,-0.3
humor,4.9
przyjaciel,7.4
łakomy,-1.0
konsolowy,-1.0
raport,-3.6
pomarzyć,-1.0
mniejszość,-3.0
zwracać,1.8
przerzut,-1.0
chodzący,-2.0
tłuszcza,-2.6
odbyć,4.9
zwolenniczka,-1.0
wytwór,2.6
dojrzały,1.1
kruch,-1.0
skrzat,-1.0
super,3.0
humanista,-1.0
zeszyt,-1.1
słodki,-2.7
zachwycać,3.6
opis,1.0
zezłościć,-1.0
felga,-1.0
żarliwy,-0.6
plus,-0.0
przekonany,-0.5
odpowiadać,2.7
zawodowy,2.5
hałaśliwie,-1.0
nieustannie,-2.0
sprzedaż,-2.4
ogródek,1.1
zamek,0.3
ateista,-1.0
lampion,-1.0
pomalować,3.0
szkoła,3.9
rosja,-1.0
wynagrodzić,-0.0
podle,-2.6
galaktyczny,-1.0
wysokokaloryczny,-1.0
amsterdam,-1.0
stereotypowy,-1.0
przestraszyć,-1.4
jednakowo,-2.6
strzałeczka,-1.0
irlandia,-1.0
boisko,-2.1
przeklinać,-2.2
stratny,-1.0
fajno,-1.0
potwierdzić,-1.6
bezkresny,-1.0
zrównoważony,-2.6
synonim,-3.6
dowartościować,-1.0
jednorodzinny,1.0
jakimś,-1.0
skłonność,-3.1
przystanek,1.0
niewygodny,-5.0
ubikacja,-1.6
zaaferowany,-1.0
popularność,1.8
łapka,-0.6
trup,-3.0
przebojowy,-1.0
porwać,-5.6
zdeklasować,-1.0
substrat,-1.0
sprawny,1.1
wyszukany,0.5
egocentryczny,-2.0
funkcjonalny,2.1
żona,5.3
okres,0.5
wizjonerski,-1.0
przesada,0.5
orgazm,-10.0
szał,-1.5
sakiewka,-1.0
zasadowy,-3.6
pytać,5.2
polska,-1.0
baza,0.8
śpiący,-1.0
poseł,-2.2
rzeczowy,-1.6
polski,7.3
przegrany,-3.6
głęboki,0.2
niebieski,4.3
własny,3.1
głos,2.3
grzyb,0.8
magicznie,1.5
królewski,0.3
uchwyt,-2.3
wnieść,-2.9
nauka,2.2
lalkarz,-1.0
bezgranicznie,1.3
dzień,5.7
skrupulatny,-1.0
ładować,-1.0
niepotrzebny,-1.3
promocyjny,-2.6
konsekwencja,-7.4
dołączać,-0.0
bolą,-1.0
kanoniczny,-2.0
przeżreć,-1.0
rola,6.1
milioner,1.0
test,-7.7
zakazać,-1.6
grzecznie,-0.0
gdańsk,-1.0
klątwa,-1.0
hałaśliwy,-5.7
prącie,-2.0
wakacje,4.0
ujemny,-4.2
przymierze,-2.6
niedostępny,-3.0
koncert,6.5
zarejestrować,-1.4
pewność,0.8
integralny,0.5
arbitralny,-1.0
osobiście,2.1
dojrzewalnia,-1.0
tańczyć,4.5
weekend,1.3
wówczas,3.4
odwaga,-5.0
nośnik,-2.0
czystość,4.5
bajeczka,-0.0
obraz,7.0
faza,-4.6
dotkliwy,-4.9
żartów,-1.0
silny,-0.4
przenikliwy,-3.6
pomieszczenie,0.7
przyczyna,-2.6
rozum,6.7
opodatkować,-1.0
martwy,-0.8
bezawaryjny,-1.0
mały,3.4
znaczyć,5.3
cudny,2.0
opatrzony,-2.0
brytyjski,-3.7
koncern,-1.4
telefon,1.9
wykazywać,-3.6
lider,-6.9
ukochany,0.3
ohydnie,-1.0
mila,3.2
czytać,7.5
przerwa,-2.7
huczny,-1.0
odziać,-0.0
długi,0.4
klasyczny,3.5
niewidoczny,-3.0
okolica,0.0
choroba,-4.4
pretensjonalny,-1.0
ładny,7.9
finlandia,-1.0
wyzwać,-0.0
petersburg,-1.0
stwierdzić,-1.1
facetka,-1.0
dobrze,7.5
rozbudować,0.8
czarny,0.5
sztuka,14.3
drewniany,3.4
paliwożerny,-1.0
tunezja,-1.0
chłopiec,3.4
moderator,1.3
załączyć,-1.0
prozaiczny,0.5
lakoniczny,-2.0
okładka,-0.7
bierny,-4.0
kryzys,-7.1
dziki,-3.9
obrotowy,-1.0
minuta,-0.3
przedrukowywać,-1.0
obecnie,-3.5
priorytet,-2.0
ogród,4.6
rozpraszać,-4.0
rozgłośnia,-1.0
dowódczy,-1.0
dzisiejszy,2.1
powtórzyć,0.2
ekspert,-6.5
stado,-5.4
kardynał,-3.3
chudzić,-1.0
team,-1.0
seweryn,-1.0
pasja,6.3
przyzwyczajenie,-1.6
radośnie,3.0
podparcie,-1.0
męczyć,-2.6
przestępstwo,-3.6
skryta,-2.6
zwyczaj,2.0
nawrócić,4.5
ścigać,-6.4
przełomowy,-4.2
korzystać,1.6
prawomocny,-1.0
renta,-3.9
wielki,5.1
magiczny,-4.0
odstęp,-1.0
rolnik,-2.0
zaawansowany,1.5
nabrzmieć,-2.0
przysłowiowy,-0.8
energooszczędny,1.0
niechlujny,-1.0
miodnie,-1.0
dodać,3.4
przepis,-2.5
godzinny,-2.0
poczciwy,-0.3
szwajcar,-2.0
plebejski,-1.0
zdobyć,1.5
zielony,1.4
wstęp,1.7
harmonijka,-1.0
przeźroczysty,-1.0
opaść,-5.7
blisko,-2.6
święto,3.6
bliski,5.1
produkować,-0.4
obejrzeć,2.6
zainteresowany,-1.0
niebagatelny,-0.0
chrystus,-1.0
otyły,-4.0
wzmocnić,-1.8
wymowny,-0.0
stateczny,-1.0
jednorożec,-1.0
brzemienny,-3.0
prawdziwek,-1.0
uroda,6.2
aktualny,-2.6
elitarny,-1.0
niewiedza,-2.0
zapomnieć,0.3
brodawka,-5.9
ciek,-1.0
obecny,-0.2
wykwintny,0.5
impreza,7.1
fakt,1.2
drzewo,1.9
ostatecznie,-5.3
alergik,-0.0
niepokojąco,-2.0
egzorcysta,-1.0
pokonać,-5.2
trakcja,-1.0
ubrany,0.2
efektywny,-3.6
łagodny,-1.0
chłopak,-1.6
przygotować,5.7
kuriozalny,-1.0
zawistny,-1.0
zażyłość,-1.0
popatrzeć,-2.0
jastrzębie,-1.0
pożądać,-1.0
codziennie,-4.8
kraków,-1.0
rozsądny,0.5
paskudnie,-1.0
emitować,-2.0
powielać,-1.0
religijny,3.9
ubrać,3.2
pochopny,-2.0
odbiór,-0.3
grzeszny,-1.0
przeistoczyć,-1.0
błahy,-3.0
właściwy,-1.8
boski,2.7
zaniedbać,-0.5
przepiękny,2.0
legitymista,-1.0
zaraźliwy,-1.0
łosoś,-0.0
pojemny,-0.0
miodowy,0.5
konsulat,-1.0
dowiedzieć,2.2
mieszkać,6.3
chrupać,-1.0
fioletowy,-4.4
oddawać,2.1
posiedzieć,-4.0
tchórz,-0.0
podporządkować,-1.6
szczęście,5.3
figura,0.5
szczery,4.3
współczesny,-0.5
wykorzystać,1.1
pochodzić,2.8
wspólny,3.7
podróżować,3.5
trzykrotnie,-1.6
politycznie,-5.6
seksowny,2.0
praworządny,-1.0
chorób,-1.0
obrzeże,0.5
męski,4.7
ogień,2.8
arystokratka,-1.0
wzruszyć,-2.0
czytelnik,9.7
stacja,-1.5
ambitny,-5.2
część,2.1
pacjent,-2.6
brakować,2.2
słownik,-0.0
przedział,-0.5
obawa,-4.8
manieryczny,-1.0
dynamiczny,-0.3
konstruktywny,-1.0
tramwaj,0.2
wyznacznik,-2.6
opatrywać,-1.0
dziewica,-0.0
zima,2.7
ciemno,-4.0
król,6.4
pełny,6.0
wypalić,-3.3
centrum,0.7
odtłuścić,-1.0
data,-2.5
zdesperowany,-2.0
katar,-6.0
publicznie,-1.5
przywódca,-3.8
plakat,2.9
felerny,-1.0
tragicznie,-5.4
początkowy,-7.0
pionierski,-1.0
nowotwór,-3.2
początkowo,-7.5
zakres,-2.7
trochę,5.0
codzienny,2.4
odbierać,-1.8
ideowy,5.5
uszczelka,-1.0
bezcelowy,-1.0
wierny,3.9
wymarzony,2.2
zastosować,-1.5
około,0.0
niewolnik,-1.5
maksymalny,-0.5
wędkarz,-0.0
zniknąć,0.4
kraina,0.0
forma,4.2
żywo,-0.5
przygasić,-1.0
szczytnica,-1.0
pewno,5.3
pokazać,5.0
gabinet,2.6
zaznajomić,-1.0
wczesny,-2.6
drgawka,-7.0
typowo,1.0
powiat,-1.9
dowcipny,-1.8
skromnie,-1.0
niesympatycznie,-1.0
wcześnie,2.9
twórca,3.7
składnia,-1.0
hala,0.0
przestępca,-2.6
feministycznie,-1.0
dosłowny,-0.2
przeraźliwie,-1.6
niesamowicie,-3.2
przystojny,-1.0
nadczynność,-3.0
kreska,-2.8
nieodłączny,-4.0
uprawnić,-1.0
organ,-5.1
większością,-1.0
pieczołowicie,-1.0
spacerować,-4.6
jednokierunkowy,-1.0
oprzeć,3.0
gładki,-0.2
nuta,-3.4
zainteresować,2.4
jednorazowy,-1.4
chętny,0.4
kraj,5.9
zapiąć,-0.0
nowość,-2.0
elastyczny,-3.6
poker,-1.0
trzecioklasista,-1.0
doświadczyć,-4.7
relacja,3.1
mikołaj,-1.0
speszyć,-1.0
zadowalający,-0.0
samochód,4.3
ustawiać,-1.8
cierpliwość,-0.2
cudownie,8.1
ciekawski,-1.0
typowy,0.1
eksperyment,-4.5
lekkość,-1.3
lecznictwo,-1.0
śmierć,4.0
skazany,-3.5
elektryczny,-5.5
ruch,-3.3
trauma,-4.9
mój,11.1
internet,-0.7
dowód,3.4
sypka,-1.0
zegarek,-1.0
efekt,2.0
butla,-2.0
eksperymentalny,-3.0
koncertowo,-2.0
punkt,1.0
głuchy,-5.7
przetwórstwo,-2.0
romans,-1.0
obowiązkowo,-1.0
infantylny,-1.0
festyn,1.3
limeryk,-1.0
oaza,-1.0
spotykać,6.5
setka,-3.0
katechetka,-1.0
hipolit,-1.0
spektakularny,-2.6
ankieta,2.3
biedny,2.1
uziemić,-1.0
grozić,-5.8
sukces,3.3
apetyt,-5.5
prawnik,-1.0
tekst,5.6
zatytułować,-3.0
trwać,0.8
mucha,-4.0
stabilnie,-1.0
serwisować,-1.0
złodziej,-2.6
mieszanka,-2.6
niebezpieczny,-7.4
koszalin,-1.0
grabarz,-1.0
łamliwy,-2.0
radykalnie,-1.7
hodowla,-1.0
elegancki,1.5
racjonalny,-2.1
przykryć,-0.5
styczeń,1.2
dzieło,9.0
dawny,7.0
zrobić,4.6
kaktus,-0.0
rozważny,-1.0
napędowy,-1.0
hanka,-1.0
dawno,4.6
jednolity,-1.0
kawałek,4.3
wniebowzięty,-0.0
żydowski,-4.1
wyśmienicie,-3.9
lekki,2.5
napiąć,-10.2
dziedziczyć,-2.6
wykształcić,-1.0
podciągać,-1.0
lekarka,-2.0
świąteczny,1.1
rosyjski,-1.7
miłośniczka,-1.0
krzykliwy,-4.2
ulubiony,5.9
pałac,-0.5
opłacalny,-1.0
podróbka,-1.0
fajny,2.0
pech,-4.0
wyrób,1.2
pstrokato,-1.0
grunt,0.2
stryj,0.2
reklama,6.4
wystawny,-1.0
dłoń,1.9
mieszany,-1.0
dopowiedzieć,-1.0
wpis,-2.0
cofnąć,-7.5
udomowić,-1.0
zawierać,-0.3
pieczenie,-4.6
kutas,-1.0
działać,1.6
teoretyczny,-0.8
kierować,4.4
trójkąt,-2.0
seans,-1.0
łatwość,-2.5
święcić,-1.0
dodatek,-1.0
czekolada,-2.6
podawać,0.2
giętki,-2.0
parę,3.7
nadmierny,-7.5
dziewiczy,-2.0
zająć,7.2
zrogowacieć,-1.0
entuzjastyczny,-0.0
utalentowany,1.5
węglowy,-2.6
przytłaczająco,-1.0
taka,-0.2
ignorancja,-2.0
potężny,-1.3
wodnisty,-1.0
naruszalny,-1.0
serdeczny,5.6
światowy,-1.0
pięknie,10.3
wilgotny,-0.6
pozytywnie,-2.3
oniemiać,-1.0
repertuar,0.4
porywczo,-1.0
syndykat,-1.0
popis,-0.0
projektor,-1.0
cytra,-1.0
dorosnąć,-3.6
wina,-2.5
sala,3.6
wściec,-2.5
wprawić,-1.0
inicjować,0.5
komiczny,-0.5
dojmująco,-3.0
podłamać,-1.0
wybaczalny,-1.0
kufer,-1.0
specyficzny,-3.2
adresat,3.1
medytacja,-1.0
odróżnialny,-1.0
perwersyjny,-1.6
niewątpliwy,2.3
znacznie,0.4
kolejny,3.2
dostawić,-0.0
japoński,-0.5
wieś,1.4
poniedziałek,-0.2
rehabilitacja,-6.6
obco,-1.0
dalekosiężny,-2.0
wybrany,-0.0
literalnie,-1.0
szwajcaria,-1.0
odzyskać,-0.6
podwójny,-0.9
trądzik,-1.0
sukienka,-1.6
zalecać,-5.1
ciąż,-1.0
dowódca,-1.6
krzesło,-1.0
wysoki,4.8
średnio,-5.6
przymiot,-0.0
kontroler,-1.0
wysoko,4.4
merkel,-1.0
dosłownie,-3.7
żywy,3.9
łacny,-1.0
czepialska,-1.0
księgowość,-1.0
pojęć,-1.0
genialny,2.5
maciupki,-1.0
innowacyjny,-0.0
czepialski,-1.0
oblężony,-1.0
apteka,-0.3
PRAWDA,6.3
bomba,-2.4
uczestnik,1.9
zabawnie,-2.0
równomierny,-1.0
urokliwy,-1.0
osiągnięcie,2.8
republika,-4.0
zmusić,-4.1
prezerwatywa,-1.0
banalnie,-1.0
zapas,-2.0
reguła,-0.9
tryb,-6.3
możliwość,3.4
łącznik,-1.0
śmieszny,2.7
zastanowić,-2.9
monogamista,-1.0
sportowy,1.0
wózek,-1.8
marnie,-2.6
ocalić,1.9
uległy,-1.0
umiejętność,4.0
oryginalny,0.8
próbka,-2.0
podłużny,-0.0
spory,2.9
ubić,-1.0
zajmować,3.5
sport,3.1
zacząć,3.6
książka,3.7
wątek,-2.1
rada,2.4
długotrwały,-6.1
wypożyczyć,-2.0
rozgrywać,-4.3
kolumna,-3.6
porządny,1.5
młodzież,4.1
broń,0.9
narożnik,-1.0
rady,-1.0
zachować,5.1
warszawski,-1.2
solipsystyczny,-1.0
august,-4.0
czołówka,-4.0
atrapa,-1.0
posmak,-3.0
krośno,-1.0
opakować,-1.0
terapeuta,-4.2
kandydat,-4.0
zaciąć,-2.0
prosperować,-0.0
powiedzieć,5.1
ociężale,-1.0
opóźnić,-3.0
bezbolesny,-5.5
reformatorski,-1.0
zdobić,0.5
dawać,4.1
niegrzeczny,0.3
wypaść,-3.8
grzeczny,3.1
odczuwać,-2.1
prokurent,-1.0
drogo,-1.0
drogi,3.3
metaliczny,-2.0
ambicja,-1.5
tortownica,-1.0
łysy,1.5
droga,4.4
klimat,5.0
pretekst,-4.4
sława,4.3
pole,2.1
więzień,-4.0
zaspokoić,3.5
gubić,-3.4
wietrznie,-1.0
ludny,-1.0
wiec,-1.0
wrażliwy,-0.4
całość,1.5
grono,1.0
wzajemny,-1.2
ciąg,1.5
tworzyć,2.3
chudy,-4.2
pierwowzór,-2.0
perfidny,-1.0
spotkać,5.4
żywiołowy,-4.4
nerwica,-6.8
opór,-4.2
węgieł,-1.0
nizina,-1.0
niektóry,-1.6
wydarzenie,-2.1
wstydliwy,-3.5
klika,-1.0
osiągać,-3.5
oznakować,-0.0
odporny,-4.7
torba,1.4
sytuacja,0.8
kompetentny,-0.0
kameralnie,-1.0
minister,0.6
wysportowany,-1.0
nieprawdziwy,-2.6
zrozumieć,0.9
masaż,-5.0
kolor,5.8
nieprzerwany,-2.0
zmyślić,-2.6
morski,-3.4
poszukiwany,0.5
alternatywny,-3.9
liczny,0.6
bajecznie,-0.0
rzadki,-1.9
izrael,-1.0
winko,-1.0
moralny,-0.5
związek,-0.4
identyczny,-3.0
nieprawdopodobny,-1.5
swobodny,-1.6
całkowity,-1.9
żartobliwy,3.9
ocieplić,-0.0
solidny,-0.4
stewardesa,-1.0
specjalista,-1.7
ojciec,5.4
głośno,0.4
kontynuacja,-1.0
tłusty,0.4
zrozpaczony,-0.8
luksus,0.3
głośny,-1.2
jeść,2.5
sprawca,-3.4
przekraczać,-1.8
obiekt,6.3
miary,-1.0
gawędziarski,-1.0
fermentować,-1.0
oczywiście,6.6
wykres,-3.6
ruszyć,-2.9
wilhelm,-1.0
podejmować,-2.3
umieścić,-1.8
transcendentalny,-1.0
zdenerwować,-5.1
wydłużyć,-2.0
akademik,-2.2
trudno,3.9
wyjść,0.3
wykluczyć,-4.4
ciało,3.3
jednakowy,-1.2
dostosować,-2.4
kukła,-1.0
mebel,1.9
ustrój,-5.9
bezpowrotnie,-6.0
dziwaczny,-3.6
dyrektor,4.5
ziemski,1.3
aspołeczny,-3.0
kuba,-1.0
ostro,-5.8
powód,-0.5
bystry,-2.4
autoryzować,-1.0
rama,-0.3
robiony,0.5
metodyczny,-1.0
uwzględniać,1.0
rozmawiać,0.5
anachroniczny,-1.0
ciekawie,-2.8
pijak,0.5
prezydent,5.0
żądny,-2.9
endecki,-1.0
przesadnia,-4.0
przymus,-2.9
bezmyślnie,-1.0
kilo,-1.0
koncepcja,-1.9
zakochany,-3.3
pomocnik,-3.4
awans,-4.3
upewnić,-2.8
naturalnie,-2.1
określić,-1.9
bramka,-6.2
perspektywa,1.1
wyspa,3.4
mieszkaniec,2.9
turystyczny,3.4
bliźniak,-2.0
zatrudnić,-3.5
litera,2.0
bujny,0.5
fajniutki,-1.0
blok,-3.5
dogodny,-5.0
przyzwyczaić,-4.1
real,0.5
konkretnie,-4.6
neutralny,-1.0
lada,-1.5
przydrożny,-0.5
kupować,0.5
połączyć,1.4
puchaty,-1.0
wydać,1.6
atrakcyjny,1.7
żyzny,-1.0
opole,-0.6
przypominać,2.6
suma,1.6
praktyka,0.0
samiec,-1.0
niezależny,-0.1
żargon,-1.0
aktor,2.1
słońce,6.3
odrobina,-0.4
awangardowy,1.0
napotkać,-2.4
czysty,10.8
przytulny,2.0
kula,-1.5
właściciel,5.8
zaopatrzyć,-0.6
ciężko,-1.6
biuro,0.8
przeszkoda,1.5
tylny,-5.5
wspaniały,12.4
prymitywny,-2.6
zaniepokoić,-2.9
błotnisty,-1.0
właściwie,4.6
kania,-1.0
miara,1.9
woleć,2.6
folgować,-1.0
instynktowny,-2.0
teoria,-0.9
chłopięcy,-2.0
intelektualnie,-1.0
sprzyjać,-2.0
industrialny,-1.0
suchy,-1.9
piątek,-1.7
gwałcić,-0.5
przygoda,0.2
ameryka,-1.0
lukratywny,-1.0
nieszczęście,-0.8
efektowny,-1.0
praca,6.8
pancerny,-1.6
wiza,-2.4
przyjacielski,-3.0
bezrobotny,-4.6
nowoczesny,-0.5
zmartwienie,-4.2
ekscentryczny,-1.0
identyfikować,0.7
banalny,-1.5
odwiedzać,1.9
owocny,-2.0
malować,8.0
wspomnieć,3.3
zdyszany,-2.6
udzielać,-3.5
złoty,6.6
połowa,0.9
kałuża,-3.6
utylitarny,4.1
znajomy,4.3
przepchnąć,-1.0
słuszny,-0.3
spokojnie,-3.5
prestiżowy,-3.2
recepta,-3.6
chwila,2.8
sprytny,-1.0
ryzykowny,-2.3
przytłaczać,-0.0
znajomo,-1.0
obciążyć,-5.4
kurhan,-1.0
wydajność,-3.0
gildia,-1.0
kultowy,0.5
porywający,-0.6
zstępny,-1.0
wiek,-2.1
płynny,1.9
odkrywczy,1.0
któryś,-0.1
rozlec,-5.0
niedawno,0.8
postanowić,5.5
wiosennie,-1.0
nóżka,0.5
przedstawić,2.9
operator,-3.6
wiecy,-1.0
przesądny,-1.0
przewozić,-2.0
zagłębie,-3.6
istnieć,2.2
wstrząs,-5.7
bohater,3.1
staro,-2.0
wieczność,-1.3
postać,2.0
poduszka,-4.2
przystępny,-0.5
szczęśliwy,5.3
obojętnie,-4.8
wyrok,-7.8
stary,5.6
zjadliwy,-3.6
karcić,-1.0
liberalny,-1.0
pogorszyć,-4.0
często,-1.0
użytkować,2.1
suczy,-1.0
głupio,-2.2
architekta,1.8
garnitur,5.1
częsty,-3.6
certyfikat,-3.0
transformować,-1.0
epilog,-1.0
lufa,-2.6
uzupełnić,-3.2
zastrzeżenie,-1.4
adopcja,-0.0
nienormalny,-3.0
przestrzegać,-3.0
rozgarnięty,-1.0
chwytliwy,-1.0
kontrastowy,1.5
miłość,7.8
troszkę,2.8
szarawy,-1.0
zdechnąć,-1.0
walka,1.0
karać,-3.6
ściana,2.8
liniowy,-1.0
pogląd,0.8
dostatecznie,-2.4
altana,-1.0
zjadać,-2.8
identycznie,-1.0
prawy,-1.0
film,5.4
głowa,2.0
bojowo,-1.0
aktorka,-2.3
interwencja,-6.1
załoga,-2.7
dziedziczny,-3.4
cicho,-1.9
podmiejski,-2.0
powszechny,-1.2
nienaturalnie,-1.0
wynalazek,-1.0
trasa,0.6
rozmowny,-1.0
religia,0.8
bezwarunkowo,1.5
ukryć,0.9
bezpłciowy,-1.0
nakładać,-4.1
gran,-1.0
cichy,0.2
zdumiewający,-0.6
przenosić,-1.7
troskliwy,2.9
zamknięty,-2.2
symbol,4.3
propozycja,0.0
przydatny,-1.7
ewangelia,-0.9
mocować,-0.0
użytkownik,4.0
grupa,1.1
przycisk,-1.2
polak,-1.0
dociekliwy,-1.0
słyszeć,3.7
należycie,-0.6
siostra,1.4
osada,-3.0
studio,0.4
masa,-2.1
łomotać,-1.0
trzymać,5.2
rachunek,-2.1
karkołomny,-1.0
dochód,-5.4
anonimowy,3.7
ostentacyjny,-2.0
adam,-1.0
miękki,1.5
pruderyjny,-1.0
duża,-1.0
poprawić,-2.4
azja,-1.0
dorobek,0.8
mołdawia,-1.0
zdjęć,-1.0
jajo,-5.2
matka,2.7
niepowtarzalny,-1.6
poezja,5.9
piątka,-4.0
wpływ,-4.0
olbrzymieć,-1.0
mięciutki,-1.0
łatwy,2.8
akord,-1.6
ośrodek,-1.6
zamiar,-1.5
uniwersalnie,-1.0
następny,0.8
równowaga,-7.8
przenośnia,-2.0
nora,1.0
program,1.4
przeciwnik,-0.9
łatwo,2.5
kołowy,-1.0
bezcielesny,-1.0
aktywny,-2.6
te,-0.0
obławiać,-1.0
aktualizować,-1.0
mleczny,-3.6
kolorowo,-0.0
bezchmurny,-1.0
ferie,1.0
polecać,3.8
zamożny,1.0
zauważyć,-0.2
komputerowy,-3.3
skomplikować,-2.0
encyklopedyczny,-1.0
poznawać,1.5
kolorowy,6.9
zmierzyć,-2.9
wymagalny,-1.0
fala,-2.5
wirtualny,-3.0
statyczny,-1.0
ciągle,0.2
nabożeństwo,-2.0
gruba,-0.0
wylewny,-1.0
odświętny,-1.0
anegdota,2.1
sporo,0.6
subtelny,4.2
autentyczny,5.4
mecząc,-1.0
mile,1.0
nadzieja,6.0
nazwa,5.0
ogromniasty,-1.0
komiksy,-1.0
fotografia,5.0
zasadzić,-1.0
długowieczny,-1.0
odjazd,0.5
świeżo,-1.6
anonim,-3.0
mączny,-1.0
chłonny,-3.6
stres,-7.8
widownia,1.9
systematycznie,0.7
czechy,-1.0
owieczka,-1.0
poszkodowany,-2.2
świeży,-0.7
zabierać,2.1
starożytny,-0.0
zameldować,-0.5
importować,-1.0
milimetr,-0.0
wypłynąć,-0.5
wywołać,-3.4
śnieg,0.8
równia,-1.0
przewidywać,-5.5
wymyślny,-1.0
patetyczny,-0.0
urządzenie,-1.8
powolny,-6.2
chorągiewka,-1.0
odlegle,-1.0
ślad,-1.2
jednodniowy,-1.0
marnotrawstwo,-2.0
przestronny,1.5
zupełność,-2.0
długo,2.8
strona,5.2
zmienić,4.1
hazardzista,-1.0
dział,-3.6
samokrytyczny,-1.0
osobliwy,-2.6
wpływowy,-1.6
owy,-1.0
przeprowadzać,-6.6
umieszczać,0.3
wpływowa,-1.0
powalać,-1.0
stresować,-6.4
stworzyć,5.9
błyskawicznie,-1.9
orientalny,-0.0
szczurkowaty,-1.0
smakowity,-1.0
istny,-0.6
tytuł,1.1
zawsze,5.7
utrwalić,-3.0
mediator,-1.0
integracja,-4.6
wymysł,-1.0
siadać,-1.8
gęsty,-3.2
zadaniowy,-1.0
spojrzenie,0.0
smak,6.6
adresować,-1.0
służyć,5.5
cień,0.2
biologiczny,-5.0
tolerancyjny,-1.0
tajemniczy,-0.1
świetnia,-0.8
drożny,-1.0
pozbawić,-2.8
świetnie,4.2
świeżość,-0.6
podgatunek,-1.0
chrześcijaństwo,-0.8
pediatra,-1.0
bezpośrednio,-3.9
mięso,-1.6
znawca,-3.0
redukcja,-6.3
dydaktyczny,0.5
przesadzić,-3.0
odwieczny,-0.0
pismo,1.7
barwny,1.0
określony,-0.2
słowo,8.1
wróżek,-1.0
intymnie,-1.0
córka,3.5
zarezerwować,-1.0
myśleć,5.4
sielankowy,-1.0
zdrowy,6.4
wspaniale,5.2
otwarty,2.5
cenzurowany,-1.0
damski,-3.0
góralski,1.0
naiwny,1.3
nutka,-2.0
skazać,0.4
właściwość,0.1
pesymistyczny,-1.0
ponury,-5.6
egoistka,0.5
fantastycznie,1.8
rozprężny,-1.0
czubek,-2.8
dojrzale,-0.7
wokalistka,-0.0
zabić,-2.6
allegro,-1.0
niesprawny,-2.0
dusza,3.4
triada,-1.0
rozpocząć,-1.3
fotograficzny,1.9
przygnębiać,-2.0
szczególnie,3.6
rekomendacja,-2.0
skrypt,-2.0
pełnia,6.2
pompa,-3.6
naftowy,-2.5
hugo,-1.0
barszcz,-1.0
plastikowy,0.2
rozkosznie,-1.0
płochliwy,-2.0
jednoznaczny,-1.0
demokratyczny,-5.1
przykład,3.8
podziw,8.0
trwały,-0.9
wróg,-0.5
kaczyński,-1.0
reprezentować,0.1
bezpłatny,0.5
świadek,-3.1
tamten,0.7
odnieść,-6.4
luksusowy,1.0
bezkarnie,-3.6
sierść,-0.5
powszechnie,1.0
ognisty,-3.0
sprzedawca,2.3
niezwykły,5.7
transportować,-1.0
normalnie,-3.5
energiczny,-2.6
więzić,-1.0
wyspany,-2.0
człowiek,4.1
uśmiechnięty,2.5
próba,1.6
prawdziwie,4.9
kontynent,-4.2
zaskakująco,-0.0
przedsiębiorca,-3.9
źrebak,-1.0
ustalić,-3.0
organizacja,-2.2
karnawałowy,-1.0
fałszywy,-2.8
wyciąg,-4.0
wielokrotnie,-0.8
mściwy,-3.6
pracodawca,-4.4
umiarkowany,-2.3
rozrywka,3.0
łapczywy,-1.0
obliczalny,-1.0
szczekliwy,-1.0
utopić,-0.5
ozdoba,1.8
wieża,-1.9
nagroda,8.1
podręcznik,-2.2
kulturalny,5.4
trywialny,-2.4
pobierać,-3.7
rękaw,-3.2
świadomy,-0.4
rewolucyjny,-2.6
filip,-1.0
prześliczny,2.5
przedstawiciel,-0.4
html,-1.0
objaw,-11.5
dziupla,-1.0
istota,2.2
lato,2.2
nietykalny,-2.0
filia,-2.0
brzoza,-0.0
genetyczny,-4.4
gorliwy,-2.6
zwiększyć,-4.5
inspirować,1.9
publikacja,-4.5
konsekwentny,-0.2
poniżać,-3.3
siła,4.1
miastowy,-0.0
nabity,-1.0
przechować,-1.0
dyskusyjny,-1.0
uroczyście,-0.5
zabawny,0.6
jasnowidz,-1.0
kościół,4.2
rzetelny,-1.6
jednostka,-2.5
wiadomość,-0.2
zapłodnić,-0.0
przyjazd,1.3
pomarszczyć,-1.6
zapiec,-2.0
łamać,-0.9
wliczyć,-1.0
powściągliwy,-1.5
zaciszny,-2.0
spółka,-4.5
widoczny,2.2
idea,4.5
widzieć,4.7
dwulatek,-1.0
posażny,-1.0
odpowiedź,0.5
przekreślać,-1.0
etat,-4.2
drobno,-2.0
instruktor,2.5
nawigacja,-1.0
podejść,1.8
szczęśliwie,-0.3
środowisko,-1.1
tradycja,4.3
luty,1.4
zarząd,-1.3
drobny,-0.9
jednostronny,-3.0
stracony,-5.2
pikantny,-1.0
wskazany,-1.4
szalenie,-5.0
konflikt,-5.6
starość,-2.3
naciśnięcie,-1.0
skory,-1.0
napisać,5.5
wytchnienie,-2.6
domena,-0.6
panierować,-1.0
fiat,3.0
badanie,-5.3
przepięknie,-0.0
nieostry,-1.0
kusić,-3.0
nudziarz,-1.0
włączyć,-1.9
chusta,-2.6
krzta,-1.0
chodzić,7.1
jednorodny,-1.0
oponiak,-1.0
karteczka,1.8
jakiś,5.4
alkoholiczka,-2.0
student,1.4
nieunikniony,-5.2
ubezpieczony,-2.0
sensowny,-0.0
grzebyk,-2.6
synchronizacja,-1.0
malarstwo,0.7
warta,-0.6
tatar,-1.0
zorganizować,4.0
ulec,-5.0
dojść,-1.6
pomagać,1.5
bilon,-1.0
zbytnio,1.0
ogniwo,-3.6
temperatura,-5.7
przyjemność,9.5
zapał,-1.2
odstąpić,0.5
wygórować,-1.0
kanada,-5.4
globalny,-4.0
tata,2.1
norweg,-1.0
szczecina,-1.0
środkowy,-3.0
kopiować,-0.0
skuteczny,-1.6
twarzowy,-2.6
szósty,0.3
nacisk,-0.8
dokładnie,1.7
świątecznie,-1.0
szlachcianka,-1.0
naprawa,-0.9
zainstalować,-3.0
ekskluzywny,0.5
niezły,-2.5
para,-0.9
poufały,-1.0
norma,-1.7
doskonale,7.0
park,7.0
przełożyć,-2.6
prywatny,4.5
władczy,-0.0
mama,-0.4
niezbity,-1.0
markowski,-1.0
powołany,-0.7
filmik,0.5
wniosek,1.6
ciężarka,-1.0
napój,-2.6
dzieciństwo,-1.0
imponować,1.5
sezon,-5.8
dany,-1.7
pisarz,2.6
promienny,-1.0
kino,3.5
metoda,-2.3
obiecujący,-5.0
orkiestra,2.7
obdarzyć,4.8
przemożnie,-1.0
kategoria,1.0
narzędziownia,-1.0
grek,-0.0
konsumenty,-1.0
cukierkowy,-2.3
dyżur,-0.0
domowy,0.0
popielaty,-1.0
krew,-0.3
uzbrojony,-3.0
zwiedzać,1.3
wyposażyć,2.0
musnąć,-2.0
kłębek,-4.6
ukończyć,-1.2
eksterioryzacja,-1.0
zwalić,-3.0
krem,-1.5
zdrajca,-2.0
zapatrzony,-1.0
autyzm,-3.9
każdy,7.4
nieskazitelny,3.1
wydajny,-2.4
zależny,-2.5
jedynak,-0.0
budować,3.7
ladacznica,-1.0
własność,0.1
wynik,2.1
hotel,-0.1
jerzy,-1.0
zwycięstwo,-2.9
roztropny,-1.0
prosto,3.4
dedykować,1.5
troczek,-1.0
ogólny,-0.9
rezydent,-1.0
odwrotny,-1.5
plan,3.0
maca,-0.0
spędzić,0.2
plac,3.3
wanilina,-1.0
frajda,-0.0
obiecać,2.1
pobawić,-0.0
odurzać,-1.0
windows,-1.0
szczupły,-1.1
oskarżyć,-5.4
niejednokrotnie,-5.8
słyszalny,-1.0
opowieść,1.2
zakup,2.8
nietypowy,-1.6
otwierać,1.5
wymarły,-1.0
warszawiak,-0.0
uważać,2.9
sceptycznie,-1.0
praktycznie,-1.7
robić,4.7
łazienka,0.9
natchnienie,-1.8
absolutnie,3.5
wyszczekany,-1.0
idealny,2.4
idiota,0.2
konto,-4.9
oceniać,1.5
usatysfakcjonować,-0.0
udany,2.9
ekstrawagancki,-1.0
drzwi,3.3
jedyny,4.6
łącznie,-1.7
represyjny,-1.0
ogólnie,-1.0
kopenhaga,-1.0
komercyjny,2.5
budownictwo,-1.4
akcja,3.5
tlenowy,-1.0
mechaniczny,-5.4
szczególny,3.2
zbieżny,-0.0
skłonny,-3.2
lakiernik,-1.0
zdolny,3.2
rozpoznać,-0.4
cholera,0.1
sila,-1.0
atrakcyjnie,-1.0
gospodarstwo,1.5
nieistotny,-1.0
stabilny,-4.2
antypolski,-1.0
zbiórka,-0.5
odrzucić,-0.6
wyprostować,-2.0
nabyć,-1.5
konieczność,-4.8
pęknąć,-7.7
rzecz,7.4
mocny,3.7
świątynia,0.7
wyraźny,-0.9
miarodajny,-1.0
mocno,7.4
bulka,-1.0
nieczytelny,0.5
przeżyć,3.4
udawać,2.9
muskularny,-1.0
święta,-1.8
nośny,-2.0
siny,-1.6
słęp,-1.0
jednocześnie,1.3
klub,3.0
świętoszkowaty,-1.0
nieogarnięty,-1.0
hipoteza,-2.5
święty,9.6
strachliwy,-1.0
przejrzysty,0.8
europa,-1.0
ostrzeżenie,-2.6
ukrainiec,-1.0
numer,3.1
obowiązkowy,0.9
modry,-1.0
toroidalny,-1.0
wędrówka,-1.0
obserwator,-1.9
symboliczny,3.8
zadowolony,1.7
klient,-3.6
stale,-1.8
formalny,1.1
kwota,-5.2
brzydki,3.7
brzydko,-0.5
celibat,-2.0
usuwać,-6.1
wizerunek,-2.3
wychudzić,-4.0
znikomy,-1.5
kopia,-0.8
czujny,-1.6
granica,2.2
wiarygodny,-3.9
przekonać,2.5
poręczny,0.5
bułgaria,-1.0
pomocny,0.1
smoczy,-2.0
lubić,5.8
rozstrzygnąć,-4.7
emisja,-3.0
przyjaźnie,1.1
mózg,-6.2
dynamicznie,-0.0
tysiąc,5.2
zmienny,-4.0
nazwać,1.5
narazić,-6.2
ludożerca,-1.0
zasięg,-1.8
wścibski,-1.0
zmęczony,-4.7
oddany,7.9
rewelacyjnie,-3.0
ozdobny,4.0
śmietnik,-2.9
analogiczny,-6.4
ręka,1.4
czynność,-4.7
komputer,1.6
filtr,-3.6
wiązać,-1.5
renegocjować,-1.0
odlotowo,-1.0
kajdanki,-1.0
kojarzyć,-3.4
jutro,-0.6
lekarstwo,-3.4
bieda,-1.6
mnogi,-1.0
objąć,2.2
słodycz,-0.5
osobny,0.2
podlić,-1.0
przywódczyni,-1.0
kwadratowy,1.3
używać,1.2
sprawiedliwość,2.1
opisowy,-0.6
kruszonka,-1.0
przyswajalny,-1.0
łudząco,-1.0
projekt,3.3
latać,-2.7
uderzający,1.0
uginać,-1.0
płaski,-1.4
nauczyciel,0.7
urząd,0.8
niepozorny,-2.0
szczególność,1.2
gawędziarz,-1.0
niemiły,-4.7
postrzegać,-0.2
właśnie,6.8
wybredny,1.0
styl,4.7
kupiec,1.1
wnikliwie,-0.0
pisownia,-1.0
uzyskać,2.6
koalicja,-4.5
zepsuć,-2.8
olbrzymi,3.3
rodzic,-5.2
znany,4.5
rozmieścić,-3.9
rozcięcie,-1.0
fraza,-4.4
minimalizować,-3.0
wiedzieć,6.8
niezawodny,-0.0
obowiązany,-0.0
fantastyczny,7.9
ludzie,4.8
inspiracja,-0.8
przygniatać,-3.0
świat,7.1
komfortowy,-0.5
beznadziejnie,-1.3
moment,5.0
zwiastun,-3.6
zawziąć,-1.0
zawiązka,-1.0
zaborczy,-1.0
sprzeczny,-3.5
który,5.1
komfortowo,-1.0
konwencja,1.4
zaradny,-1.0
konkubinat,-1.0
smukły,-0.5
niezgoda,-2.6
śluz,-3.6
tłoczny,-1.0
żenada,-2.6
obniżyć,-5.4
wzór,4.3
motoryzacja,-1.0
archiwum,-2.6
powodować,-7.0
przybyć,-3.8
konkret,-1.0
siedmiokrotnie,-1.0
kiepski,-4.2
wypoczywać,-1.0
wrzucić,-1.5
smaczek,-1.0
rynek,0.0
głupota,1.3
szampan,0.3
piaszczysty,-1.0
utwór,4.7
parzyć,-3.8
obeznać,-1.0
ogromny,6.7
wątroba,-7.2
waga,-1.1
patriota,-0.2
oblubieniec,-1.0
zabrudzić,-1.0
kuchnia,4.9
włoch,-1.0
ścisły,-0.2
skanować,-2.0
namiętny,-1.6
ciec,-2.0
szuflada,-2.4
zrozumiały,-3.1
bezbłędny,-0.0
wyrywny,-1.0
skala,-2.8
narzucać,-0.3
zakończony,-3.1
format,-1.6
wyłapywać,-1.0
przebiec,-7.5
kobieco,-1.0
godny,6.3
spać,-2.7
jasny,2.4
pospieszny,-3.0
ogół,3.1
musieć,6.1
kryształowy,-1.0
kobiecy,5.1
skompresować,-1.0
akceptacja,2.4
fanatycznie,-1.0
śliczny,7.7
światłość,-1.0
gorący,2.8
lampa,-2.4
sztywny,-3.1
strategiczny,-5.0
technologia,-6.1
gorąco,3.8
podrzeć,-3.0
powtórka,-2.6
słuchacz,-0.6
rozlazły,-1.0
krupnik,-1.0
wtajemniczyć,-1.0
intelektualny,1.5
oferować,0.8
cięcie,-6.2
ruchomy,-2.0
zajebiście,-0.0
ciepły,6.2
kopalnia,-4.4
nieważny,-2.5
uroczyć,-1.0
jabłko,1.0
fujarka,-1.0
energia,0.2
ciepło,3.5
decyzja,2.6
zachodni,-5.0
finansować,-5.4
smacznie,-1.0
mało,0.3
pokój,-1.1
idealnie,0.5
średniowiecze,-5.0
następujący,1.1
ulepszyć,-1.0
leczyć,-4.8
bariera,-1.4
wycelować,-2.0
opiekun,-2.2
iwona,-1.0
apostoł,-2.6
ekonomista,-2.8
przeciwwskazanie,-0.0
filozoficzny,1.3
książę,3.4
zwyciężyć,-1.0
doszczętnie,-2.0
namacalnie,-1.0
razić,0.5
panienka,0.4
reklamować,2.2
wygórowany,-2.6
przyczepa,-1.0
tendencja,-4.1
rozespany,-1.0
kwiat,7.8
osoba,2.1
bezpośredni,-2.3
ignorować,-3.4
zdać,1.5
błyskotliwy,-3.0
ujawniać,-5.3
zapełnić,-3.0
komórka,-5.8
płatny,-0.0
śledź,-5.0
równoległy,-4.0
niezadowolony,-2.3
racja,3.1
czterokrotnie,-1.0
wykrywać,-3.4
kategoryczny,-0.0
wzmianka,1.0
obsługiwać,-1.2
merytoryczny,-0.0
wacek,-0.0
brązowy,1.9
realny,-4.9
czepiec,-1.0
sprzedawać,1.1
ustawowo,-1.0
ocenzurować,-1.0
prosty,5.4
koloratka,-1.0
strój,9.1
bios,-1.0
dukat,-1.0
lekko,1.5
bruk,-3.0
gimnazjum,2.1
wymusić,-5.0
żaden,5.7
pragmatyczny,3.0
pionowy,-3.0
uniwersalny,1.4
ciąża,-0.2
minimalny,-1.2
getto,-2.2
konieczny,-3.9
śliski,-5.7
nieświadomy,-4.5
wstać,-3.0
pastor,-3.6
kurwa,1.2
komornik,-2.0
kangurek,-1.0
opisywać,-5.7
dodatni,-3.0
narkotyk,-5.5
starannie,-2.3
decydować,-0.1
przyczepny,-1.0
inicjatorka,-1.0
przyjemnie,3.5
produkcja,-3.6
aromatyczny,-2.0
spalić,-3.9
spiczasty,-1.0
adaptować,-1.0
normalny,-1.5
śrut,-1.0
możliwy,2.9
wątpliwość,5.1
bezwietrzny,-1.0
seks,0.3
drgać,-4.0
sąsiedztwo,-3.1
rączka,-2.0
wyjątek,-1.3
włożyć,1.0
niekorzystny,-5.9
morze,2.8
przedni,-4.3
spadzisty,-1.0
psychopata,-2.0
niepełnoletni,-1.0
teza,2.0
honorowy,2.2
odwołać,-5.7
potrójny,-2.0
zabieg,-3.4
odległość,-0.6
materia,-0.6
nabrzmiały,-1.8
wybić,-5.4
monstrualnie,-1.0
niedziela,1.6
wygląd,6.3
totalnie,-1.0
wcześniak,-2.6
udział,4.7
transport,-5.0
szczepić,-1.0
ciemnogranatowy,-1.0
pomoc,7.2
zagadkowy,-1.0
równoprawny,-1.0
okropnie,-4.3
nadzwyczajny,-2.0
ruszać,-0.2
zmysłowy,4.4
przeszywać,-1.0
odmienny,2.0
przepuklina,-2.6
kochany,5.2
rozterka,-4.9
specjalny,5.3
zmysłowo,0.5
pęknięta,-1.0
przychylny,-1.0
kwestia,-2.4
metrowy,-1.0
niegroźny,-5.4
zachęcać,2.3
toksyczny,-7.0
światło,2.4
potwór,-0.0
produkt,1.5
przypadkowy,-5.0
wyjątkowy,1.5
bezkarny,-1.0
ryba,-0.4
jaskrawy,-3.4
światły,0.5
zaślepić,-1.0
współczynnik,-2.0
wyjątkowo,-1.9
oślizgły,-1.0
dowolny,1.8
oczekiwanie,0.8
ziemia,4.9
umówić,-1.2
rozpoznawalny,-1.0
wprowadzać,-1.2
porównać,-1.8
utuczyć,-1.0
łaskawy,-0.7
ważny,7.4
błysk,-5.2
dużo,4.0
odcień,0.4
obiektywny,-2.9
krasnoludek,-1.0
planować,-1.6
duży,7.0
wzorowy,-2.0
poczucie,2.6
wytrwały,-4.0
anglia,-1.0
surowiec,0.3
podkreślić,0.6
eksploatacja,-0.0
obserwacja,-2.6
diagnozować,-4.4
regularnie,-2.0
poturbować,-0.0
dyskretny,0.5
awantura,-4.3
sens,5.0
nieprzyjemny,-5.7
elementarny,-1.5
wcale,2.6
sądzić,1.0
srebrny,0.4
gracz,-6.7
alternatywa,-0.3
załamać,-3.2
kilkuletni,-2.0
prymityw,-1.0
cykl,-4.1
uszkodzony,-4.2
daleki,3.2
obumarły,-2.6
daleko,4.7
obrzydliwie,-1.0
rześko,-1.0
zwycięsko,-3.0
słowny,-0.0
służba,3.4
obłudny,-2.0
krótko,-0.4
michael,-1.0
nikt,5.0
międzyczas,-0.0
mistrz,1.4
wizja,2.5
lekcja,-1.1
kluczowy,-7.2
warszawa,6.4
skutek,-6.6
karalny,-1.0
podrodzina,-1.0
obciąć,-2.0
bańka,-2.0
trzeci,5.4
murowany,-0.0
podtrzymywać,-4.0
wzrosnąć,-4.4
ciemię,-1.0
główny,3.6
wystawa,4.2
miesięczny,-4.0
kontrowersyjny,-6.5
forsowny,-1.0
rzeczywistość,2.0
firma,5.1
wykorzystywać,1.2
stały,0.9
perfekcyjny,-2.0
przeróżny,-3.6
niebotycznie,-1.0
wykonalny,-1.0
bliziutko,-1.0
tragedia,-2.2
rozciągliwy,-1.0
zadbać,2.9
morderstwo,-3.5
częściowo,-3.6
woskować,-1.0
zagrozić,-4.7
koronkowy,-2.0
spisać,-0.0
dostrzegalny,-2.0
kabina,1.0
odpłatny,-0.0
uwypuklić,-1.0
czynnik,-6.8
koszt,-2.7
rodzice,3.3
wyjaśnić,-2.0
profesor,0.0
papier,-0.9
estetyczny,7.6
optymalnie,-1.0
funkcja,1.2
nastolatka,-3.2
talent,2.0
torebka,-2.0
fajnie,1.3
długość,-0.1
szarlotka,-0.0
błyszczeć,-2.0
zgodny,-0.3
jedynaczka,-1.0
muzyka,6.4
zachwycić,5.7
menu,3.5
czaszka,-7.7
gość,4.1
porządek,1.3
łęczyca,-1.0
zgrabny,3.8
stoczek,-1.0
kebab,-1.0
współpraca,-0.5
cyniczny,-1.5
potwornie,-1.8
zapalić,-2.9
substytut,-1.0
zgoda,3.6
ustawić,-2.5
hardy,-1.0
zasadniczo,-0.0
motor,-3.9
publikować,1.5
podrażnić,-1.0
samodzielnie,-2.4
uczelnia,-0.7
zupełny,2.4
skrajny,-3.3
kanał,-5.6
zrelaksowany,-2.0
gadatliwy,-2.0
przewiewny,-0.0
wręcz,3.4
sternik,-1.0
dopuścić,-5.1
prowincjonalny,-1.6
budowa,-3.6
montować,0.3
zakłócić,-4.6
barbarzyńca,-1.0
wgnieść,-1.0
przewidywalny,-3.0
wesoła,-1.0
zabronić,-0.5
czcić,1.5
zażywać,-7.0
obrąb,-1.0
społeczeństwo,-0.1
najeść,0.5
błąd,0.2
folder,-1.0
niewolniczo,-1.0
wesoły,-1.3
chrześcijanin,-3.1
modelka,-0.5
homeopatyczny,-1.0
biznes,1.0
amatorski,1.5
antybiotyk,-4.6
zastąpić,1.4
obrońca,-0.4
holandia,-1.0
pokazywać,1.5
skośny,-1.0
wykazać,-8.0
kosmologia,-1.0
słuchać,4.3
zarobaczyć,-1.0
zasadny,-1.0
język,7.2
ładnie,3.7
przewodnik,0.3
kiełb,-1.0
bezzębny,-1.0
reakcja,-8.7
panna,-0.1
interesujący,3.5
zarosnąć,-1.0
gościnny,1.5
koniec,5.6
jarzębina,-1.0
uczony,-2.1
sprawdzić,5.9
konserwatywny,-3.6
palec,-0.7
późno,4.0
dyspozycja,-1.6
typować,-2.0
gitara,0.8
zaczynać,4.0
wskazać,-3.1
rysuneczek,-1.0
zsyp,-1.0
złoto,-0.7
wydolny,-1.0
kamienny,-3.5
znakomity,4.1
mężczyzna,2.1
tłumaczka,-1.0
przedłożyć,-3.4
twarz,2.6
odmiana,-0.1
sierpień,1.3
obrazoburczy,-1.0
fart,-1.0
nacjonalistyczny,-1.0
towar,1.7
klan,-1.0
koleżanka,0.8
zajęty,-4.4
korzystny,-2.8
uzupełniać,1.5
nikczemny,-1.0
pozycja,1.3
dobry,9.8
skupić,-2.2
interes,1.9
ponadprzeciętnie,-1.0
gorzeć,-1.0
proces,-3.0
element,-2.1
większa,-1.0
wypracować,1.6
dobro,6.6
bezwonny,-1.0
interesować,-0.0
owłosiony,2.1
przyjaźń,4.2
małżeństwo,2.8
członkini,-1.0
pechowy,-3.6
pożądany,2.8
braterski,-1.0
zaproszenie,-1.5
zrosić,-0.0
otwór,-3.0
prowincja,-1.0
zarzucić,1.0
czasochłonny,-1.0
pojawiać,2.2
uczulić,-2.6
oszczędny,1.0
koniecznie,2.0
specjalnie,0.9
korygować,-2.6
przyjemny,1.3
znowu,3.8
rozwijać,4.6
lojalny,1.0
literalny,-1.0
zostać,4.1
wersja,1.4
aniołek,1.8
koszary,-1.0
beztroska,-1.5
dozwolić,-1.0
pracochłonny,-1.0
zapewnić,1.0
kleisty,-1.0
hermetyczny,0.5
prąd,-4.9
natychmiastowy,-6.0
wyjąć,-1.9
zaburzyć,-7.0
konkurs,10.7
ubezpieczenie,-1.9
dziwnie,-5.0
relaks,-1.2
auto,-0.9
zaadresować,-1.0
głównie,-0.1
psiak,1.0
pilny,1.9
poetycko,-1.0
charakter,1.7
dekoracja,2.3
warka,0.5
sprzęt,-0.0
transparent,0.5
reprezentant,2.3
granulować,-1.0
zauważalny,-0.0
zakład,-0.4
mody,-1.0
potocki,-1.0
brutalnie,-2.0
czworak,-1.0
pomóc,4.0
moda,4.3
przeładować,0.5
sałatka,-2.0
traktować,2.6
poważny,-1.5
dokonać,0.0
gwiazda,1.9
strefa,-4.7
metr,4.4
wolno,-1.7
wonny,1.0
podyktować,0.4
równoważny,-1.0
rozgłos,2.0
fizyczny,-1.6
cisza,-1.3
marionetka,-2.0
silnik,-3.5
wolny,3.6
decydujący,-3.9
zręczny,-1.0
optymista,-0.0
nazwisko,1.8
wynieść,0.6
nastawić,0.8
widowiskowy,-0.0
zdjęcie,8.2
masowy,0.6
dowolnie,-2.6
przezroczysty,-0.3
żywot,-2.0
oziębnąć,-2.0
blondynek,-2.0
początkujący,-2.0
wojna,1.7
podrażniony,-3.9
pozostały,-1.9
bezustannie,-1.0
podeprzeć,-2.0
żeton,-1.0
nieuchronny,-3.4
wykończyć,-1.5
poważnie,-2.0
odtwarzacz,-1.0
akceptować,7.2
przeznaczyć,-0.1
hojny,1.5
niezależnie,-0.6
czerwony,3.2
wykładowca,-2.6
beskid,-1.0
śmiały,1.0
prawdziwy,6.5
paradoksalny,-2.6
optymistyczny,-2.8
rozwój,-3.2
mrozek,-1.0
powidło,-1.0
zawrzeć,-1.7
abstrakcyjny,0.8
zobowiązywać,-2.0
komisja,-4.7
zakończyć,-0.7
scena,2.7
rozśpiewać,-1.0
ofiara,-2.6
zatrzeć,-2.6
biały,5.2
monachium,-1.0
przyzwolić,-1.0
herbata,-0.2
drużyna,-4.6
żart,2.4
balowo,-1.0
prawiczek,-1.0
ziarnisty,-1.0
wyżyłować,-1.0
umowy,-1.0
optymalny,-2.0
system,-4.4
ślepy,-6.8
zyskać,2.4
umowa,-2.5
uznawać,-0.0
państwo,2.1
bezcenny,-1.0
termin,-1.5
wykonać,4.3
rybak,-4.0
upokarzać,-3.9
niemal,0.8
sentymentalny,-2.0
blondynka,-2.0
kalifornia,-1.0
windykacja,-1.0
lublin,4.0
napalić,-1.0
zasługa,-0.9
jazda,4.0
burzowy,-1.0
udowodnić,-0.5
lista,1.8
uczuć,-5.0
nieludzki,-2.0
materiał,2.6
bezsporny,-2.0
kropla,-4.1
intensywny,-3.8
drobiazgowy,-1.0
obowiązek,4.5
objęcie,1.5
skromny,5.5
standardowy,-2.0
zdawać,0.7
uwłaczająco,-1.0
genetycznie,-1.0
nieskażony,-1.0
rekordowy,-2.0
kuchenka,-0.0
przyjmować,2.9
wiadomy,-0.3
fuks,-1.0
matematyk,-1.0
narodowość,1.0
realizować,3.2
fatalnie,-1.4
skorpion,-1.0
szansa,2.3
maluśki,-1.0
seicento,-1.0
podłoga,-1.7
sprawiedliwy,-0.2
naraża,-1.0
sufit,-3.4
zakładka,-0.0
winowajca,-2.0
wyrafinowany,2.1
tożsamy,-1.0
muzeum,5.2
restauracyjka,-0.0
tknąć,-1.0
opiekuńczy,0.3
wezyr,-1.0
idylliczny,-0.0
puszysty,-0.0
formalnie,-1.0
grudzień,-6.0
gmina,-1.5
szkolić,-0.0
psychicznie,-7.4
sekret,0.3
totalny,2.0
odpowiedzialny,-5.6
składany,-2.0
tajny,-1.3
uczciwy,1.5
rzym,-1.0
izolacja,-1.8
pojazd,1.3
rówień,-1.0
ulotny,-1.0
sprawiedliwie,-1.0
techniczny,-0.3
zapaleniec,-1.0
niezdecydowany,-3.6
złożyć,-1.3
chata,-0.6
prywatnie,-2.6
wyróżniać,-3.4
konsumpcyjny,1.5
bezpodstawny,-1.0
środek,2.3
gest,3.5
gestia,-1.0
mikroskopijny,-2.6
dokładny,-1.2
zagmatwać,-1.0
wrocławski,-2.0
przekazać,1.7
gdynia,-1.0
oferta,-1.4
archaiczny,2.0
poprowadzić,-3.0
osadzić,-2.0
dokładni,-1.0
sprzątać,-3.2
debata,-5.2
obcisły,-1.0
rozwiązania,-1.0
symetryczny,-0.0
nagi,-0.1
strąk,-1.0
korzyść,-0.6
zadowolić,-0.7
rasa,1.5
warunek,1.2
romantyczny,8.9
wypełnić,1.4
rewelacyjny,-2.0
słoneczny,0.7
biegunka,-5.5
zwichnąć,-1.0
skończyć,0.5
jak,6.1
demokracja,1.4
nieuczciwy,-3.6
pulchny,-1.0
igloopol,-1.0
przegląd,1.2
zabezpieczyć,1.0
piękno,10.7
ludzko,-1.0
rozumny,1.5
dziewczynka,-1.9
sztuczny,-0.3
ludzki,2.4
autor,6.0
urwać,-6.0
wzbogacać,2.1
pięć,2.6
uchwytny,-2.6
wiktor,-3.8
wewnętrznie,-2.1
informacja,-0.7
partia,-1.5
założyć,1.7
sędzia,-7.6
pijany,-3.8
pieprzny,-1.0
oryginalnie,-1.0
finał,-1.3
czeski,-2.5
pryncypialny,-1.0
biec,-4.8
pomysł,5.3
bezgraniczny,-0.0
graf,-1.0
darmowy,0.5
tragiczny,-5.5
dziennik,0.1
kibic,-3.4
zabójczy,-1.6
prowokacja,-0.2
malarz,-0.5
fotka,-0.0
agnieszka,-1.0
dumny,0.2
stuprocentowy,-1.0
doliczać,-1.0
niemiecki,0.0
refundować,-2.0
poznać,4.6
pojemnik,2.8
anegdotyczny,-1.0
wyraźnie,-2.9
operacja,-2.9
stuprocentowo,-1.0
zdrowie,4.0
nazywać,4.0
bezwiednie,-4.7
staniątki,-1.0
mowa,1.5
legia,-1.5
realistyczny,-0.2
zawodny,-2.0
fizycznie,-3.0
dziecinny,2.1
cholernie,-5.2
skrzywdzony,-4.6
artysta,8.5
wyrazisty,-3.3
zastygnąć,-2.0
huta,-3.9
przywiązać,-1.0
artystka,-1.6
zalękniony,-1.0
serwis,0.9
koncesja,-2.6
przyziemny,-1.0
zawodnik,-6.9
monochromatyczny,-1.0
całek,-1.0
nadmiar,-1.1
klimatyczny,-0.0
reformowalny,-1.0
dziesięciokrotny,-1.0
symulator,-1.0
kamiennie,-1.0
rzemieślnik,1.5
drut,-3.6
schab,-1.0
sentyment,2.0
kotlet,1.0
egzotyczny,0.2
harmonia,2.0
sprzedażą,-1.0
popierdolić,-1.0
sperma,-1.0
konkurencyjny,-1.8
jednoznacznie,-1.6
tłumić,-6.0
nacechować,-1.0
grać,2.8
wyrazić,-0.2
przyszły,-1.7
wyprysk,-1.0
stworzenie,-0.6
igła,-7.0
litość,-0.2
sara,-1.0
polka,-0.5
harmonijny,4.0
określać,-0.1
wyśmienity,-0.0
orzec,-1.0
gaza,-2.0
willa,-0.0
cena,2.7
pieniądz,5.6
kłótliwy,-2.6
przesmażyć,-1.0
ciążowy,-2.0
świetlisty,1.0
indianin,-1.0
duszność,-4.9
wodzisław,-1.0
kadra,-6.0
rozpatrywać,-1.1
grań,-1.0
przedsięwzięcie,-1.6
różowy,1.1
spełnić,3.8
wykonywać,0.7
zespół,4.8
jednostajnie,-2.0
kość,-5.4
zwykle,0.5
podziemny,-0.8
pewny,8.7
różowo,-1.0
karmić,0.3
ściśle,-1.2
dupa,1.5
posłuszny,1.0
kuzyn,0.5
świadomość,0.5
natychmiast,-2.9
powiązać,-4.6
diametralnie,1.0
okazały,-1.0
kanciasty,-2.0
przeważnie,2.7
płock,-1.0
swobodnie,-2.4
partner,-2.5
bezbronny,-4.2
opiąć,-1.0
facet,1.6
seksualny,-6.9
gotowy,6.6
oznaka,-6.2
odosobniony,-3.0
zaznaczyć,-1.5
przyznać,3.7
dokumentacja,0.3
tradycyjny,1.6
kontrofensywa,-1.0
dzielić,-0.0
piwo,0.8
boginia,-1.0
polityczny,-1.2
towarzyski,0.8
astma,-5.0
konkurencja,-1.6
mieć,4.3
trakt,-0.7
sumienie,1.6
słoiczka,-1.0
skierować,-1.9
świetlany,-1.0
własnoręcznie,-1.0
źródło,0.7
modlitwa,5.6
podobno,1.4
odgórnie,-1.0
nieustanny,-2.6
troskliwie,-2.0
dzik,-1.0
mecz,-2.3
podobny,5.2
swojski,2.3
zszokować,-1.0
poczuć,1.3
decybel,-3.4
dołączyć,-3.3
poprzedni,0.1
kontakt,1.6
zapobiegliwy,-1.0
kolorystyka,1.4
dwoisty,-1.0
anonsy,-1.0
wypukło,-1.0
okrągły,0.8
linia,3.4
niewielki,-2.0
litania,-0.0
wypukły,-2.0
syta,-1.0
obfity,-3.6
obszerny,2.0
interia,-1.0
łaskawca,-1.0
inteligencja,-2.2
dylemat,-4.1
nieskończoność,-2.4
inaczej,4.2
legalny,-3.0
zupełnie,6.4
owalny,-2.6
uczyć,3.0
cząstka,-3.0
szekspir,-1.0
postępowy,-1.0
wycieczka,3.6
marginalny,-1.0
góra,6.0
nieobecny,-2.0
piasek,0.8
piec,2.6
zalecić,-3.0
profesjonalny,1.0
historia,5.5
cecha,2.4
prognoza,-3.0
nadmorski,-0.0
grafika,1.0
pies,3.6
wesoło,1.5
nieugięty,-1.0
sprawa,1.4
tydzień,1.7
różnie,-0.5
realizacja,0.7
sofa,-2.6
dziesięciokrotnie,-1.0
dalba,-1.0
oschnąć,-2.0
przełożony,-6.0
zawikłać,-1.0
chronić,-2.8
powołać,1.1
gniazdo,-0.5
kasa,-0.1
podpisać,-2.2
mądry,3.4
optymistycznie,-0.0
magnat,-1.0
spostrzegawczy,-1.0
niewypłacalny,-1.0
położyć,2.3
skręcić,-4.8
płacić,1.4
mobilny,-1.0
zakazany,-1.0
kluczyk,-0.0
podejrzeć,-1.0
ślepo,-2.6
peter,-1.0
wyemancypować,-1.0
wieczny,2.2
kolonia,1.0
podzielić,1.2
umierać,-1.7
nieszczelny,-1.0
wyścig,-0.0
narcystyczny,-1.0
utrzymać,0.9
monotonny,-2.7
resztka,-3.1
bardzo,2.8
sponsorować,-1.0
sygnał,-8.4
wyobrażalny,-1.0
ilustracja,2.1
piękny,13.7
pejoratywny,-0.0
mokry,-2.9
regulamin,0.3
pakiet,-5.4
pobłażliwy,-2.0
bezczelnie,-1.0
popularny,1.8
stanowczy,-4.8
przepisowy,-1.0
spokój,0.7
zosia,-1.0
odessa,-1.0
etap,-6.0
kupno,-0.0
wyświetlać,-2.5
konkretny,1.5
teutoński,-1.0
śpiączka,-1.0
rozwiązły,-1.0
koleś,-2.0
agencja,-8.5
kręg,-0.9
przeprowadzić,-0.8
suknia,-2.1
podium,-0.0
placówka,-1.3
kręt,-1.0
wszędzie,1.4
zadufany,-1.0
bezpiecznie,1.8
dopasować,-1.6
drzazga,-3.9
przebudowa,-0.7
przenieść,1.5
uciec,-2.2
wszystko,6.9
różnić,2.3
dzielnica,0.5
zadziwiać,-0.0
nawiedzony,1.0
sadystyczny,-2.0
kiepsko,-4.2
odczuwalny,-2.6
silnia,-0.0
gazeta,-2.0
ciekły,-1.0
prywatyzacja,-6.0
rodzina,3.3
oczytany,-0.0
jakikolwiek,0.1
pewnie,5.5
koleżeński,-1.6
kołacz,-1.0
adres,1.6
kapusta,-0.0
szafirowy,-1.0
policjant,-4.4
przedłużyć,-5.0
niewinny,2.4
rozpoznawać,-1.4
wybrać,5.6
niesamowity,6.8
legenda,3.2
kazuistyczny,-1.0
organizować,4.9
wyjątki,-1.0
dumpingowy,-1.0
ślep,1.0
luźny,-3.6
astry,-1.0
pytanie,0.3
konwencjonalny,1.5
wegetarianin,-0.0
prawidłowy,-5.4
przestawić,-2.0
urodziny,9.3
usprawiedliwić,-0.5
pojęcie,3.7
zrealizować,3.3
ręczny,-2.0
napis,3.7
karta,-3.0
zakaz,-2.8
nadać,2.1
poprzeć,-0.8
formalistyczny,-1.0
zabarwić,-1.0
transportowy,-1.0
jajeczny,-1.0
invest,-1.0
odrobić,-3.0
problem,-0.7
słynny,2.3
niemiec,-1.5
cukierkowaty,-1.0
powtarzać,-1.7
roszczenie,-3.0
wystawić,-1.3
głęboko,-0.3
bezzapachowy,-1.0
masywny,-1.0
oszustwo,-1.6
ryzyko,-3.0
pozytywny,0.7
uwiecznić,-0.0
inteligentny,1.2
srebro,-3.6
ćwiczenie,-4.9
znaleźć,6.4
ideał,5.9
rekompensata,-0.0
artykuł,-0.8
jaglany,-1.0
monopolista,-1.0
medialny,-5.2
egoistyczny,-4.2
równać,-3.0
końcówka,-5.9
drażliwy,-6.0
nadjeżdżać,-2.6
zwykły,-0.1
mężatka,-2.0
star,-1.0
szczawnica,-1.0
ponętny,-0.0
sypialnia,-2.6
sobota,0.5
stylista,-1.0
stan,-0.4
niepogoda,-1.0
stal,-4.6
chmielić,-1.0
przesiąknąć,-2.0
pochwała,-0.5
zamachowiec,-2.6
szpak,-0.0
kolec,-4.5
poręczyć,-1.0
automatyczny,-2.0
klasa,3.3
krzywy,-1.0
użyć,-1.8
drugi,6.4
podatny,-4.4
osamotnić,-2.0
prosić,5.2
oskarżyciel,-2.0
spalać,1.1
przyzwoity,-1.0
niebezpieczeństwo,-3.0
wezwać,-4.9